<logica.Caso>
  <descricao>Na manha de hoje Miles Balfour, o proprietario da loja de penhores, foi encontrado morto a facadas atras do balc�o do seu estabelecimento. A fechadura da porta principal tinha sido quebrada e faltavam 5 libras e 11 xelins da gaveta da caixa registradora. A Scotland Yard realizou um inventario minucioso que revelou que o bizarro ladrao tinha levado tambem os seguintes objetos: o jornal da vespera, um vaso de porcelana, barbante e um elmo que tinha sido desparafusado de uma antiga armadura inglesa. A senhora Eunice Balfour, que descobriu o corpo do marido, esta desorientada e nao consegue fornecer dados que esclarecam a tragedia. Ela lembra que seu marido, que tinha comprado recentemente a loja de Albert Krebs, soh falava mal do seu investimento pouco lucrativo. De fato a senhora Balfour so conseguia se lembrar da chegada de tres clientes durante a ultima semana: o jornalista Henry Kirk que pagou em moeda a aquisicao de alguns livros; a senhora Phyllis Cahill que havia limpado o sotao da  casa do marido e trouxe varios objetos para vender, e o gerente do Teatro, Wilbur Patrick que penhorou uma caixa cuja chave ele nao conseguia achar. A Scotland Yard supoe que Balfour teria surpreendido o ladrao tentando arrombar a loja durante a noite, e prendeu Pauli Chandler &quot;o picareta&quot;, um corcunda que fora visto nas redondezas. Sherlock Holmes, que fora informado sobre os fatos, esta convencido de que ha, por tras di extraordinario caso, questoes que exigem uma logica mais aprimorada. 
</descricao>
  <titulo>O caso do Penhorista Saqueado</titulo>
  <pistas>
    <byte-array>U2VtIHBpc3RhLg==</byte-array>
    <byte-array>UGlzdGEgZG8gYXNzYXNzaW5vKDIgcGFydGVzKTogSSlBZHZlcmJpbyBkZSBsdWdhci4=</byte-array>
    <byte-array>TyB2YXNvIHJvdWJhZG8sIHF1ZSBlc3RhdmEgbm8gc290YW8gZGEgY2FzYSBkbyBtYXJpZG8sIGZv
aSB1bSBkb3Mgb2JqZXRvcyBxdWUgUGh5bGxpcyB2ZW5kZXUu</byte-array>
    <byte-array>U2VtIFBpc3RhLg==</byte-array>
    <byte-array>U2VtIHBpc3RhLg==</byte-array>
    <byte-array>QSBwb2xpY2lhIGRlc2NvYnJpdSBxdWUgbyBhc3Nhc3Npbm8gbmFvIHBvcnRhdmEgYXJtYXMu</byte-array>
    <byte-array>VW1hIHBlY2EgY2hpbmVzYSBkZSBpbmNhbGN1bGF2ZWwgdmFsb3IgZm9yYSByZWNlbnRlbWVudGUg
cm91YmFkYSBkbyBNdXNldS4=</byte-array>
    <byte-array>UGlzdGEgZG8gYXNzYXNzaW5vKDIgcGFydGVzKTogSUkpUmltYSBjb20gZmlvLg==</byte-array>
    <byte-array>U2VtIHBpc3RhLg==</byte-array>
    <byte-array>TyBob2JieSBkZSBIZW5yeSBLaXJrIGVoIGNvbGVjaW9uYXIgbW9lZGFzIHZhbGlvc2FzLg==</byte-array>
    <byte-array>U2VtIHBpc3RhLg==</byte-array>
    <byte-array>QSBwZXJpY2lhIGNvbmZpcm1vdSBxdWUgYSBhcm1hIGVyYSBwZXNhZGEgZGVtYWlzIHBhcmEgcXVl
IHVtYSBtdWxoZXIgYSB1dGlsaXphc3NlLg==</byte-array>
    <byte-array>U2VtIHBpc3RhLg==</byte-array>
    <byte-array>VW1hIGVzcGFkYSBmb2kgYWNoYWRhIG5hIHZpemluaGFuY2EgZGFzIGRvY2FzIGUgaWRlbnRpZmlj
YWRhIGNvbW8gYSBxdWUgZmF6aWEgcGFydGUgZGEgdmVsaGEgYXJtYWR1cmEgaW5nbGVzYS4=</byte-array>
  </pistas>
  <informacoesDesejadas>
    <string>o assassino.</string>
    <string>a arma.</string>
  </informacoesDesejadas>
  <respostas>
    <byte-array>Sm9obiBDYWhpbGw=</byte-array>
    <byte-array>RXNwYWRh</byte-array>
  </respostas>
  <numeroCaso>1</numeroCaso>
  <fator>3.0</fator>
</logica.Caso>