<list>
  <logica.Jogador>
    <nome>solon</nome>
    <totalCasosResolvidos>12</totalCasosResolvidos>
    <totalCasosTried>28</totalCasosTried>
    <casosFaceis>16901</casosFaceis>
    <casosMedios>0</casosMedios>
    <casosDificeis>1048576</casosDificeis>
    <senha>MjAyY2I5NjJhYzU5MDc1Yjk2NGIwNzE1MmQyMzRiNzA=</senha>
  </logica.Jogador>
  <logica.Jogador>
    <nome>nickmack</nome>
    <totalCasosResolvidos>2</totalCasosResolvidos>
    <totalCasosTried>2</totalCasosTried>
    <casosFaceis>2560</casosFaceis>
    <casosMedios>0</casosMedios>
    <casosDificeis>0</casosDificeis>
    <senha>M2M1OWRjMDQ4ZTg4NTAyNDNiZTgwNzlhNWM3NGQwNzk=</senha>
  </logica.Jogador>
</list>